--
-- PostgreSQL database dump
--

-- Dumped from database version 10.12
-- Dumped by pg_dump version 12.2

SET statement_timeout = 0;
SET lock_timeout = 0;
SET idle_in_transaction_session_timeout = 0;
SET client_encoding = 'UTF8';
SET standard_conforming_strings = on;
SELECT pg_catalog.set_config('search_path', '', false);
SET check_function_bodies = false;
SET xmloption = content;
SET client_min_messages = warning;
SET row_security = off;

ALTER TABLE ONLY public.products DROP CONSTRAINT products_pkey;
ALTER TABLE ONLY public.orders DROP CONSTRAINT orders_pkey;
ALTER TABLE ONLY public.carts DROP CONSTRAINT carts_pkey;
ALTER TABLE ONLY public."cartItems" DROP CONSTRAINT "cartItems_pkey";
ALTER TABLE public.products ALTER COLUMN "productId" DROP DEFAULT;
ALTER TABLE public.orders ALTER COLUMN "orderId" DROP DEFAULT;
ALTER TABLE public.carts ALTER COLUMN "cartId" DROP DEFAULT;
ALTER TABLE public."cartItems" ALTER COLUMN "cartItemId" DROP DEFAULT;
DROP SEQUENCE public."products_productId_seq";
DROP TABLE public.products;
DROP SEQUENCE public."orders_orderId_seq";
DROP TABLE public.orders;
DROP SEQUENCE public."carts_cartId_seq";
DROP TABLE public.carts;
DROP SEQUENCE public."cartItems_cartItemId_seq";
DROP TABLE public."cartItems";
DROP EXTENSION plpgsql;
--
-- Name: plpgsql; Type: EXTENSION; Schema: -; Owner: -
--

CREATE EXTENSION IF NOT EXISTS plpgsql WITH SCHEMA pg_catalog;


--
-- Name: EXTENSION plpgsql; Type: COMMENT; Schema: -; Owner: -
--

COMMENT ON EXTENSION plpgsql IS 'PL/pgSQL procedural language';


SET default_tablespace = '';

--
-- Name: cartItems; Type: TABLE; Schema: public; Owner: -
--

CREATE TABLE public."cartItems" (
    "cartItemId" integer NOT NULL,
    "cartId" integer NOT NULL,
    "productId" integer NOT NULL,
    price integer NOT NULL
);


--
-- Name: cartItems_cartItemId_seq; Type: SEQUENCE; Schema: public; Owner: -
--

CREATE SEQUENCE public."cartItems_cartItemId_seq"
    AS integer
    START WITH 1
    INCREMENT BY 1
    NO MINVALUE
    NO MAXVALUE
    CACHE 1;


--
-- Name: cartItems_cartItemId_seq; Type: SEQUENCE OWNED BY; Schema: public; Owner: -
--

ALTER SEQUENCE public."cartItems_cartItemId_seq" OWNED BY public."cartItems"."cartItemId";


--
-- Name: carts; Type: TABLE; Schema: public; Owner: -
--

CREATE TABLE public.carts (
    "cartId" integer NOT NULL,
    "createdAt" timestamp(6) with time zone DEFAULT now() NOT NULL
);


--
-- Name: carts_cartId_seq; Type: SEQUENCE; Schema: public; Owner: -
--

CREATE SEQUENCE public."carts_cartId_seq"
    AS integer
    START WITH 1
    INCREMENT BY 1
    NO MINVALUE
    NO MAXVALUE
    CACHE 1;


--
-- Name: carts_cartId_seq; Type: SEQUENCE OWNED BY; Schema: public; Owner: -
--

ALTER SEQUENCE public."carts_cartId_seq" OWNED BY public.carts."cartId";


--
-- Name: orders; Type: TABLE; Schema: public; Owner: -
--

CREATE TABLE public.orders (
    "orderId" integer NOT NULL,
    "cartId" integer NOT NULL,
    name text NOT NULL,
    "creditCard" text NOT NULL,
    "shippingAddress" text NOT NULL,
    "createdAt" timestamp(6) with time zone DEFAULT now() NOT NULL
);


--
-- Name: orders_orderId_seq; Type: SEQUENCE; Schema: public; Owner: -
--

CREATE SEQUENCE public."orders_orderId_seq"
    AS integer
    START WITH 1
    INCREMENT BY 1
    NO MINVALUE
    NO MAXVALUE
    CACHE 1;


--
-- Name: orders_orderId_seq; Type: SEQUENCE OWNED BY; Schema: public; Owner: -
--

ALTER SEQUENCE public."orders_orderId_seq" OWNED BY public.orders."orderId";


--
-- Name: products; Type: TABLE; Schema: public; Owner: -
--

CREATE TABLE public.products (
    "productId" integer NOT NULL,
    name text NOT NULL,
    price integer NOT NULL,
    image text NOT NULL,
    "shortDescription" text NOT NULL,
    "longDescription" text NOT NULL
);


--
-- Name: products_productId_seq; Type: SEQUENCE; Schema: public; Owner: -
--

CREATE SEQUENCE public."products_productId_seq"
    AS integer
    START WITH 1
    INCREMENT BY 1
    NO MINVALUE
    NO MAXVALUE
    CACHE 1;


--
-- Name: products_productId_seq; Type: SEQUENCE OWNED BY; Schema: public; Owner: -
--

ALTER SEQUENCE public."products_productId_seq" OWNED BY public.products."productId";


--
-- Name: cartItems cartItemId; Type: DEFAULT; Schema: public; Owner: -
--

ALTER TABLE ONLY public."cartItems" ALTER COLUMN "cartItemId" SET DEFAULT nextval('public."cartItems_cartItemId_seq"'::regclass);


--
-- Name: carts cartId; Type: DEFAULT; Schema: public; Owner: -
--

ALTER TABLE ONLY public.carts ALTER COLUMN "cartId" SET DEFAULT nextval('public."carts_cartId_seq"'::regclass);


--
-- Name: orders orderId; Type: DEFAULT; Schema: public; Owner: -
--

ALTER TABLE ONLY public.orders ALTER COLUMN "orderId" SET DEFAULT nextval('public."orders_orderId_seq"'::regclass);


--
-- Name: products productId; Type: DEFAULT; Schema: public; Owner: -
--

ALTER TABLE ONLY public.products ALTER COLUMN "productId" SET DEFAULT nextval('public."products_productId_seq"'::regclass);


--
-- Data for Name: cartItems; Type: TABLE DATA; Schema: public; Owner: -
--

COPY public."cartItems" ("cartItemId", "cartId", "productId", price) FROM stdin;
1	4	5	9900
2	5	5	9900
3	6	5	9900
4	7	4	999
5	8	3	2900
6	9	3	2900
7	10	3	2900
8	11	3	2900
9	12	3	2900
10	13	3	2900
11	14	3	2900
12	15	3	2900
13	15	3	2900
14	15	3	2900
15	15	3	2900
16	15	3	2900
17	15	3	2900
18	15	3	2900
19	16	3	2900
20	16	3	2900
21	16	3	2900
22	16	6	830
23	17	3	2900
24	17	2	2595
25	17	2	2595
26	17	1	2999
27	17	3	2900
28	18	3	2900
29	18	3	2900
30	18	3	2900
31	17	6	830
32	17	6	830
33	17	6	830
34	17	5	9900
35	17	1	2999
36	17	2	2595
37	17	2	2595
38	17	2	2595
39	17	1	2999
40	17	1	2999
41	17	4	999
42	17	4	999
43	17	6	830
44	17	1	2999
45	17	1	2999
46	17	5	9900
47	17	1	2999
48	17	4	999
49	17	5	9900
50	19	3	2900
51	20	3	2900
52	21	3	2900
\.


--
-- Data for Name: carts; Type: TABLE DATA; Schema: public; Owner: -
--

COPY public.carts ("cartId", "createdAt") FROM stdin;
1	2020-04-24 15:47:44.781674-07
2	2020-04-24 15:48:15.062069-07
3	2020-04-24 16:20:26.369285-07
4	2020-04-24 16:26:46.536149-07
5	2020-04-24 16:36:02.364825-07
6	2020-04-24 16:42:34.30878-07
7	2020-04-24 16:44:44.489839-07
8	2020-04-24 16:46:42.057951-07
9	2020-04-24 16:55:19.62942-07
10	2020-04-24 16:55:23.214463-07
11	2020-04-24 16:56:14.719224-07
12	2020-04-24 16:56:32.29472-07
13	2020-04-24 16:57:08.761584-07
14	2020-04-24 17:34:34.656736-07
15	2020-04-24 17:47:28.917471-07
16	2020-04-24 17:54:54.559503-07
17	2020-04-25 11:18:36.551677-07
18	2020-04-25 11:23:44.955643-07
19	2020-04-26 10:26:50.578027-07
20	2020-04-26 10:47:13.000703-07
21	2020-04-26 10:48:58.303818-07
\.


--
-- Data for Name: orders; Type: TABLE DATA; Schema: public; Owner: -
--

COPY public.orders ("orderId", "cartId", name, "creditCard", "shippingAddress", "createdAt") FROM stdin;
1	19	bob	123456789	Road	2020-04-26 10:45:53.186726-07
2	20	bob	123456789	Road	2020-04-26 10:48:03.950428-07
3	21	Bob	1234567812349874	streetstreet	2020-04-26 10:51:36.452596-07
\.


--
-- Data for Name: products; Type: TABLE DATA; Schema: public; Owner: -
--

COPY public.products ("productId", name, price, image, "shortDescription", "longDescription") FROM stdin;
1	Shake Weight	2999	/images/shake-weight.jpg	Dynamic Inertia technology ignites muscles in arms, shoulders, and chest.	Lorem ipsum dolor amet fashion axe pour-over jianbing, adaptogen waistcoat tacos master cleanse pitchfork next level. Thundercats pour-over chartreuse 90's. Master cleanse hot chicken ennui offal. Freegan slow-carb offal hell of. Umami polaroid wolf slow-carb next level. Gentrify cardigan seitan, kombucha tacos chambray roof party typewriter man braid. Tote bag lo-fi hell of chia fam hammock\\n.Aesthetic photo booth la croix, vaporware leggings biodiesel man braid tumeric skateboard tousled slow-carb four dollar toast synth pabst pickled. Typewriter church-key chia slow-carb vice gochujang actually. Shoreditch austin woke hot chicken, single-origin coffee ugh affogato four loko green juice. Migas iPhone four dollar toast mustache.
2	ShamWow	2595	/images/shamwow.jpg	It's like a chamois, towel, and sponge, all in one! Soaks up to 10x it's weight in any liquid!	Lorem ipsum dolor amet fashion axe pour-over jianbing, adaptogen waistcoat tacos master cleanse pitchfork next level. Thundercats pour-over chartreuse 90's. Master cleanse hot chicken ennui offal. Freegan slow-carb offal hell of. Umami polaroid wolf slow-carb next level. Gentrify cardigan seitan, kombucha tacos chambray roof party typewriter man braid. Tote bag lo-fi hell of chia fam hammock\\n.Aesthetic photo booth la croix, vaporware leggings biodiesel man braid tumeric skateboard tousled slow-carb four dollar toast synth pabst pickled. Typewriter church-key chia slow-carb vice gochujang actually. Shoreditch austin woke hot chicken, single-origin coffee ugh affogato four loko green juice. Migas iPhone four dollar toast mustache.
3	Snuggie	2900	/images/snuggie.jpg	Super-Soft Fleece with pockets! One Size fits all Adults! Keeps you Warm & Your Hands-Free!	Lorem ipsum dolor amet fashion axe pour-over jianbing, adaptogen waistcoat tacos master cleanse pitchfork next level. Thundercats pour-over chartreuse 90's. Master cleanse hot chicken ennui offal. Freegan slow-carb offal hell of. Umami polaroid wolf slow-carb next level. Gentrify cardigan seitan, kombucha tacos chambray roof party typewriter man braid. Tote bag lo-fi hell of chia fam hammock\\n.Aesthetic photo booth la croix, vaporware leggings biodiesel man braid tumeric skateboard tousled slow-carb four dollar toast synth pabst pickled. Typewriter church-key chia slow-carb vice gochujang actually. Shoreditch austin woke hot chicken, single-origin coffee ugh affogato four loko green juice. Migas iPhone four dollar toast mustache.
4	Wax Vac	999	/images/wax-vac.jpg	Gentle way to remove ear wax. Safe and hygienic. Reduces the risk of painful infections.	Lorem ipsum dolor amet fashion axe pour-over jianbing, adaptogen waistcoat tacos master cleanse pitchfork next level. Thundercats pour-over chartreuse 90's. Master cleanse hot chicken ennui offal. Freegan slow-carb offal hell of. Umami polaroid wolf slow-carb next level. Gentrify cardigan seitan, kombucha tacos chambray roof party typewriter man braid. Tote bag lo-fi hell of chia fam hammock\\n.Aesthetic photo booth la croix, vaporware leggings biodiesel man braid tumeric skateboard tousled slow-carb four dollar toast synth pabst pickled. Typewriter church-key chia slow-carb vice gochujang actually. Shoreditch austin woke hot chicken, single-origin coffee ugh affogato four loko green juice. Migas iPhone four dollar toast mustache.
5	Ostrich Pillow	9900	/images/ostrich-pillow.jpg	Create your own snugly space in the world and feel-good anywhere with the ultimate cocoon pillow.	Lorem ipsum dolor amet fashion axe pour-over jianbing, adaptogen waistcoat tacos master cleanse pitchfork next level. Thundercats pour-over chartreuse 90's. Master cleanse hot chicken ennui offal. Freegan slow-carb offal hell of. Umami polaroid wolf slow-carb next level. Gentrify cardigan seitan, kombucha tacos chambray roof party typewriter man braid. Tote bag lo-fi hell of chia fam hammock\\n.Aesthetic photo booth la croix, vaporware leggings biodiesel man braid tumeric skateboard tousled slow-carb four dollar toast synth pabst pickled. Typewriter church-key chia slow-carb vice gochujang actually. Shoreditch austin woke hot chicken, single-origin coffee ugh affogato four loko green juice. Migas iPhone four dollar toast mustache.
6	Tater Mitts	830	/images/tater-mitts.jpg	8 Seconds is all you need with Tater Mitts. Quickly and easily prepare all your favorite potato dishes with Tater Mitts.	Lorem ipsum dolor amet fashion axe pour-over jianbing, adaptogen waistcoat tacos master cleanse pitchfork next level. Thundercats pour-over chartreuse 90's. Master cleanse hot chicken ennui offal. Freegan slow-carb offal hell of. Umami polaroid wolf slow-carb next level. Gentrify cardigan seitan, kombucha tacos chambray roof party typewriter man braid. Tote bag lo-fi hell of chia fam hammock\\n.Aesthetic photo booth la croix, vaporware leggings biodiesel man braid tumeric skateboard tousled slow-carb four dollar toast synth pabst pickled. Typewriter church-key chia slow-carb vice gochujang actually. Shoreditch austin woke hot chicken, single-origin coffee ugh affogato four loko green juice. Migas iPhone four dollar toast mustache.
\.


--
-- Name: cartItems_cartItemId_seq; Type: SEQUENCE SET; Schema: public; Owner: -
--

SELECT pg_catalog.setval('public."cartItems_cartItemId_seq"', 52, true);


--
-- Name: carts_cartId_seq; Type: SEQUENCE SET; Schema: public; Owner: -
--

SELECT pg_catalog.setval('public."carts_cartId_seq"', 21, true);


--
-- Name: orders_orderId_seq; Type: SEQUENCE SET; Schema: public; Owner: -
--

SELECT pg_catalog.setval('public."orders_orderId_seq"', 3, true);


--
-- Name: products_productId_seq; Type: SEQUENCE SET; Schema: public; Owner: -
--

SELECT pg_catalog.setval('public."products_productId_seq"', 1, false);


--
-- Name: cartItems cartItems_pkey; Type: CONSTRAINT; Schema: public; Owner: -
--

ALTER TABLE ONLY public."cartItems"
    ADD CONSTRAINT "cartItems_pkey" PRIMARY KEY ("cartItemId");


--
-- Name: carts carts_pkey; Type: CONSTRAINT; Schema: public; Owner: -
--

ALTER TABLE ONLY public.carts
    ADD CONSTRAINT carts_pkey PRIMARY KEY ("cartId");


--
-- Name: orders orders_pkey; Type: CONSTRAINT; Schema: public; Owner: -
--

ALTER TABLE ONLY public.orders
    ADD CONSTRAINT orders_pkey PRIMARY KEY ("orderId");


--
-- Name: products products_pkey; Type: CONSTRAINT; Schema: public; Owner: -
--

ALTER TABLE ONLY public.products
    ADD CONSTRAINT products_pkey PRIMARY KEY ("productId");


--
-- Name: SCHEMA public; Type: ACL; Schema: -; Owner: -
--

GRANT ALL ON SCHEMA public TO PUBLIC;


--
-- PostgreSQL database dump complete
--

